{
    "% limite prestazioni": {
        "_Total": 100.0
    },
    "% frequenza massima": {
        "0": 100.0,
        "1": 100.0,
        "2": 100.0,
        "3": 100.0,
        "4": 100.0,
        "5": 100.0,
        "6": 100.0,
        "7": 100.0,
        "8": 100.0,
        "9": 100.0,
        "10": 100.0,
        "11": 100.0,
        "12": 100.0,
        "13": 100.0,
        "14": 100.0,
        "15": 100.0,
        "_Total": 100.0
    },
    "Frequenza processore": {
        "_Total": 1.0
    },
    "% Tempo processore": {
        "0": 0.0,
        "1": 0.0,
        "2": 0.0,
        "3": 0.0,
        "4": 0.0,
        "5": 0.0,
        "6": 0.0,
        "7": 0.0,
        "8": 0.0,
        "9": 0.0,
        "10": 0.0,
        "11": 0.0,
        "12": 0.0,
        "13": 0.0,
        "14": 0.0,
        "15": 0.0,
        "_Total": 5.4
    },
    "Temperatura": null,
    "Byte disponibili": 23771.2734375,
    "Totale MB": 32694.60546875,
    "Byte vincolati": 13187.84765625,
    "Limite memoria vincolata": 37558.60546875,
    "Input pagine/sec": null,
    "Output pagine/sec": null,
    "Errori di pagina/sec": null,
    "Scritture pagine/sec": null,
    "Letture pagine/sec": null
}